{"cameraMode":{"drawMode":0,"name":"Shaded","section":"Shading Mode"},"sceneLighting":true,"audioPlay":false,"sceneViewState":{"showFog":true,"showMaterialUpdate":false,"showSkybox":true,"showFlares":true,"showImageEffects":true,"showParticleSystems":true},"in2DMode":false,"pivot":{"x":0.20904088020324708,"y":0.8857834339141846,"z":1.2010338306427003},"rotation":{"x":-0.1896786391735077,"y":0.8030227422714233,"z":-0.3346102237701416,"w":-0.45520544052124026},"size":1.6535356044769288,"orthographic":false}